Date,Impressions,Likes,Engagements,Bookmarks,Shares,New follows,Unfollows,Replies,Reposts,Profile visits,Create Post,Video views,Media views
"Fri, Apr 3, 2026",16,0,0,0,0,0,0,0,0,0,0,0,0
"Thu, Apr 2, 2026",8,0,3,0,0,0,0,3,0,0,1,0,0
"Wed, Apr 1, 2026",3,0,0,0,0,0,0,0,0,0,0,0,0
"Tue, Mar 31, 2026",22,0,3,0,0,0,0,3,0,0,1,0,0
"Mon, Mar 30, 2026",30,0,0,0,0,0,0,0,0,0,0,0,0
"Sun, Mar 29, 2026",15,1,4,0,0,1,0,1,0,0,1,0,0
"Sat, Mar 28, 2026",15,0,0,0,0,0,0,0,0,0,0,0,0
"Fri, Mar 27, 2026",24,0,0,0,0,0,0,0,0,0,0,0,0
"Thu, Mar 26, 2026",42,0,1,0,0,0,0,0,0,1,0,0,0
"Wed, Mar 25, 2026",49,2,10,0,0,0,0,1,0,1,1,0,0
"Tue, Mar 24, 2026",14,0,1,0,0,0,0,1,0,0,1,0,0
"Mon, Mar 23, 2026",24,0,2,0,0,0,0,1,0,0,0,0,0
"Sun, Mar 22, 2026",102,2,15,0,0,0,0,8,0,0,1,0,0
"Wed, Mar 11, 2026",0,0,1,0,0,1,0,0,0,0,0,0,0